,epochs_mean,epochs_std,size
0,95.0,10.009995004993758,10
1,42.4,8.212186067059125,26
2,38.1,4.22965719651132,35
3,37.5,3.8275318418009276,40
4,35.6,2.1071307505705477,50
5,36.3,3.9,100
6,36.2,2.925747767665559,200
